"BTS SERVICES INFORMATIQUES AUX ORGANISATIONS",,,,,,"SESSION 2025",,,,,,,,,,,,,,,,,,,
"Tableau de synthèse des réalisations professionnelles ",,,,,,,,,,,,,,,,,,,,,,,,,
"NOM et prénom : Issa Guello Ibrahim Noura",,,,,"N° candidat : ",,,,,,,,,,,,,,,,,,,,
"Centre de formation : Epsi Montpellier",,,,,"Option :"," SISR","x SLAM",,,,,,,,,,,,,,,,,,
"Adresse URL du portfolio :",,,,,,,,,,,,,,,,,,,,,,,,,
"Compétences mises en œuvre





















Réalisations professionnelles
(intitulé et liste des documents et productions associés)","Période (sous la forme du JJ/MM/AA au JJ/MM/AA)","Gérer le patrimoine informatique","Répondre aux incidents et aux demandes d’assistance et d’évolution","Développer la présence en ligne de l’organisation","Travailler en mode projet","Mettre à disposition des utilisateurs un service informatique","Organiser son développement professionnel",,,,,,,,,,,,,,,,,,
,,"▸Recenser et identifier les ressources numériques 
▸Exploiter des référentiels, normes et standards adoptés par le prestataire informatique
▸Mettre en place et vérifier les niveaux d’habilitation associés à un service
▸Vérifier les conditions de la continuité d’un service informatique
▸Gérer des sauvegardes
▸Vérifier le respect des règles d’utilisation des ressources numériques","▸Collecter, suivre et orienter des demandes 
▸Traiter des demandes concernant les services réseau et système, applicatifs
▸Traiter des demandes concernant les applications","▸Participer à la valorisation de l’image de l’organisation sur les médias numériques en tenant compte du cadre juridique et des enjeux économiques
▸Référencer les services en ligne de l’organisation et mesurer leur visibilité.
▸Participer à l’évolution d’un site Web exploitant les données de l’organisation.","▸Analyser les objectifs et les modalités d’organisation d’un projet
▸Planifier les activités
▸Évaluer les indicateurs de suivi d’un projet et analyser les écarts","▸Réaliser les tests d’intégration et d’acceptation d’un service
▸Déployer un service
▸Accompagner les utilisateurs dans la mise en place d’un service","▸Mettre en place son environnement d’apprentissage personnel
▸Mettre en œuvre des outils et stratégies de veille informationnelle
▸Gérer son identité professionnelle
▸Développer son projet professionnel",,,,,,,,,,,,,,,,,,
"Réalisation en cours de formation

",,,,,,,,,,,,,,,,,,,,,,,,,
"Bataille Navale Algo","01/10/25 Au 20/12/2025",,X,,X,,,,,,,,,,,,,,,,,,,,
"Open Innov","11/11/12 Au 11/06/27",X,X,X,X,X,,,,,,,,,,,,,,,,,,,
" Projet Transversale Installation d'une application Web Clavardage","05/01/26 Au 13/02/26",X,X,,X,X,,,,,,,,,,,,,,,,,,,
"Projet Transversale Réalisation d'une BDD et d'un MCD avec SQL SERVER
","05/01/26 au 13/02/26",X,X,X,X,X,,,,,,,,,,,,,,,,,,,
"Projet Transversale Installation d'une infrastructure Réseau sécurisée","29/10/25 Au 29/11/2025",X,X,,X,,X,,,,,,,,,,,,,,,,,,
"Projet Transversale Programmation d'un site WEB Hôtélerie ","15/01/26 Au 05/02/26",X,,X,X,X,,,,,,,,,,,,,,,,,,,
"Projet Transversale Installation d'une bibliothéque avec Python","06/02/26 Au 10/03/26",X,X,,X,X,,,,,,,,,,,,,,,,,,,
"Projet Transversale Développement avec IA","31/03/26 Au 12/04/26",,X,,X,X,X,,,,,,,,,,,,,,,,,,
,,,,,,,,,,,,,,,,,,,,,,,,,
,,,,,,,,,,,,,,,,,,,,,,,,,
"Réalisations en milieu professionnel en cours de première année",,,,,,,,,,,,,,,,,,,,,,,,,
,,,,,,,,,,,,,,,,,,,,,,,,,
,,,,,,,,,,,,,,,,,,,,,,,,,
,,,,,,,,,,,,,,,,,,,,,,,,,
,,,,,,,,,,,,,,,,,,,,,,,,,
,,,,,,,,,,,,,,,,,,,,,,,,,
,,,,,,,,,,,,,,,,,,,,,,,,,
,,,,,,,,,,,,,,,,,,,,,,,,,
"Réalisations en milieu professionnel en cours de seconde année",,,,,,,,,,,,,,,,,,,,,,,,,
,,,,,,,,,,,,,,,,,,,,,,,,,
,,,,,,,,,,,,,,,,,,,,,,,,,
,,,,,,,,,,,,,,,,,,,,,,,,,
,,,,,,,,,,,,,,,,,,,,,,,,,
,,,,,,,,,,,,,,,,,,,,,,,,,
,,,,,,,,,,,,,,,,,,,,,,,,,
,,,,,,,,,,,,,,,,,,,,,,,,,
,,,,,,,,,,,,,,,,,,,,,,,,,
,,,,,,,,,,,,,,,,,,,,,,,,,
,,,,,,,,,,,,,,,,,,,,,,,,,
,,,,,,,,,,,,,,,,,,,,,,,,,
,,,,,,,,,,,,,,,,,,,,,,,,,
,,,,,,,,,,,,,,,,,,,,,,,,,
,,,,,,,,,,,,,,,,,,,,,,,,,
,,,,,,,,,,,,,,,,,,,,,,,,,
,,,,,,,,,,,,,,,,,,,,,,,,,
,,,,,,,,,,,,,,,,,,,,,,,,,
,,,,,,,,,,,,,,,,,,,,,,,,,
,,,,,,,,,,,,,,,,,,,,,,,,,
,,,,,,,,,,,,,,,,,,,,,,,,,
,,,,,,,,,,,,,,,,,,,,,,,,,
,,,,,,,,,,,,,,,,,,,,,,,,,
,,,,,,,,,,,,,,,,,,,,,,,,,
,,,,,,,,,,,,,,,,,,,,,,,,,
,,,,,,,,,,,,,,,,,,,,,,,,,
,,,,,,,,,,,,,,,,,,,,,,,,,
,,,,,,,,,,,,,,,,,,,,,,,,,
,,,,,,,,,,,,,,,,,,,,,,,,,
,,,,,,,,,,,,,,,,,,,,,,,,,
,,,,,,,,,,,,,,,,,,,,,,,,,
,,,,,,,,,,,,,,,,,,,,,,,,,
,,,,,,,,,,,,,,,,,,,,,,,,,
,,,,,,,,,,,,,,,,,,,,,,,,,
,,,,,,,,,,,,,,,,,,,,,,,,,
,,,,,,,,,,,,,,,,,,,,,,,,,
,,,,,,,,,,,,,,,,,,,,,,,,,
,,,,,,,,,,,,,,,,,,,,,,,,,
,,,,,,,,,,,,,,,,,,,,,,,,,
,,,,,,,,,,,,,,,,,,,,,,,,,
,,,,,,,,,,,,,,,,,,,,,,,,,
,,,,,,,,,,,,,,,,,,,,,,,,,
,,,,,,,,,,,,,,,,,,,,,,,,,
,,,,,,,,,,,,,,,,,,,,,,,,,
,,,,,,,,,,,,,,,,,,,,,,,,,
,,,,,,,,,,,,,,,,,,,,,,,,,
,,,,,,,,,,,,,,,,,,,,,,,,,
,,,,,,,,,,,,,,,,,,,,,,,,,
,,,,,,,,,,,,,,,,,,,,,,,,,
,,,,,,,,,,,,,,,,,,,,,,,,,
,,,,,,,,,,,,,,,,,,,,,,,,,
,,,,,,,,,,,,,,,,,,,,,,,,,
,,,,,,,,,,,,,,,,,,,,,,,,,
,,,,,,,,,,,,,,,,,,,,,,,,,
,,,,,,,,,,,,,,,,,,,,,,,,,
,,,,,,,,,,,,,,,,,,,,,,,,,
,,,,,,,,,,,,,,,,,,,,,,,,,
,,,,,,,,,,,,,,,,,,,,,,,,,
,,,,,,,,,,,,,,,,,,,,,,,,,
,,,,,,,,,,,,,,,,,,,,,,,,,
,,,,,,,,,,,,,,,,,,,,,,,,,
,,,,,,,,,,,,,,,,,,,,,,,,,
,,,,,,,,,,,,,,,,,,,,,,,,,
,,,,,,,,,,,,,,,,,,,,,,,,,
,,,,,,,,,,,,,,,,,,,,,,,,,
,,,,,,,,,,,,,,,,,,,,,,,,,
,,,,,,,,,,,,,,,,,,,,,,,,,
,,,,,,,,,,,,,,,,,,,,,,,,,
,,,,,,,,,,,,,,,,,,,,,,,,,
,,,,,,,,,,,,,,,,,,,,,,,,,
,,,,,,,,,,,,,,,,,,,,,,,,,
,,,,,,,,,,,,,,,,,,,,,,,,,
,,,,,,,,,,,,,,,,,,,,,,,,,
,,,,,,,,,,,,,,,,,,,,,,,,,
